id, accuracy, precision, recall, f1
image_id,0.9936805555555556,0.9936805555555556,0.9936805555555556,0.9936805555555556