id, accuracy, precision, recall, f1
image_id,0.5057365764111978,0.5057365764111978,0.5057365764111978,0.5057365764111978