id, accuracy, precision, recall, f1
image_id,0.56640625,0.56640625,0.56640625,0.56640625